{"cameraMode":{"drawMode":0,"name":"Shaded","section":"Shading Mode"},"sceneLighting":false,"audioPlay":false,"sceneViewState":{"m_AlwaysRefresh":false,"showFog":false,"showSkybox":false,"showFlares":false,"showImageEffects":false,"showParticleSystems":false,"showVisualEffectGraphs":true,"m_FxEnabled":true},"in2DMode":false,"pivot":{"x":0.000491023063659668,"y":1.278334140777588,"z":-0.06371745467185974},"rotation":{"x":-0.0755145475268364,"y":0.09020783752202988,"z":-0.006859685759991407,"w":-0.9930334687232971},"size":1.696423053741455,"orthographic":false}