{"cameraMode":{"drawMode":0,"name":"Shaded","section":"Shading Mode"},"sceneLighting":true,"audioPlay":false,"sceneViewState":{"m_AlwaysRefresh":false,"showFog":true,"showSkybox":true,"showFlares":true,"showImageEffects":true,"showParticleSystems":true,"showVisualEffectGraphs":true,"m_FxEnabled":true},"in2DMode":false,"pivot":{"x":9.935400009155274,"y":0.999852180480957,"z":6.830513000488281},"rotation":{"x":-0.0014970784541219473,"y":0.9971917271614075,"z":-0.07192292809486389,"w":-0.02094423584640026},"size":2.719926357269287,"orthographic":true}