{"cameraMode":{"drawMode":0,"name":"Shaded","section":"Shading Mode"},"sceneLighting":false,"audioPlay":false,"sceneViewState":{"m_AlwaysRefresh":false,"showFog":false,"showSkybox":false,"showFlares":false,"showImageEffects":false,"showParticleSystems":false,"showVisualEffectGraphs":true,"m_FxEnabled":true},"in2DMode":false,"pivot":{"x":0.008580803871154786,"y":0.9622724652290344,"z":0.03308969736099243},"rotation":{"x":-0.0755145475268364,"y":0.09020783752202988,"z":-0.006859685759991407,"w":-0.9930334687232971},"size":1.5011615753173829,"orthographic":false}