{"cameraMode":{"drawMode":0,"name":"Shaded","section":"Shading Mode"},"sceneLighting":true,"audioPlay":false,"sceneViewState":{"m_AlwaysRefresh":false,"showFog":true,"showSkybox":true,"showFlares":true,"showImageEffects":true,"showParticleSystems":true,"showVisualEffectGraphs":true,"m_FxEnabled":true},"in2DMode":false,"pivot":{"x":-0.09939765930175781,"y":0.5582601428031921,"z":-1.7277231216430665},"rotation":{"x":-0.0755145475268364,"y":0.09020783752202988,"z":-0.006859685759991407,"w":-0.9930334687232971},"size":3.5955867767333986,"orthographic":false}