{"cameraMode":{"drawMode":0,"name":"Shaded","section":"Shading Mode"},"sceneLighting":false,"audioPlay":false,"sceneViewState":{"m_AlwaysRefresh":false,"showFog":false,"showSkybox":false,"showFlares":false,"showImageEffects":false,"showParticleSystems":false,"showVisualEffectGraphs":true,"m_FxEnabled":true},"in2DMode":false,"pivot":{"x":0.008621454238891602,"y":1.029953956604004,"z":-0.014398515224456787},"rotation":{"x":0.0019935905002057554,"y":0.9958287477493286,"z":0.02240942046046257,"w":-0.08835985511541367},"size":1.4041551351547242,"orthographic":true}