{"cameraMode":{"drawMode":0,"name":"Shaded","section":"Shading Mode"},"sceneLighting":false,"audioPlay":false,"sceneViewState":{"m_AlwaysRefresh":false,"showFog":true,"showSkybox":false,"showFlares":true,"showImageEffects":true,"showParticleSystems":true,"showVisualEffectGraphs":true,"m_FxEnabled":true},"in2DMode":false,"pivot":{"x":0.000491023063659668,"y":1.2729275226593018,"z":-0.06145414710044861},"rotation":{"x":-0.003687387565150857,"y":0.9943883419036865,"z":-0.09907833486795426,"w":-0.037007253617048267},"size":8.386384010314942,"orthographic":false}